<?xml version="1.0" encoding="UTF-8"?>
<md:EntityDescriptor entityID="urn:federation:MicrosoftOnline" urn:name="o365" ID="pZZlJcaHZVgs.3Ic6TwlqneHSxW" urn:LogLevel="STANDARD" urn:isActive="true" xmlns:md="urn:oasis:names:tc:SAML:2.0:metadata" xmlns:urn="urn:sourceid.org:saml2:metadata-extension:v2">
    <md:Extensions>
        <urn:EntityExtension PFVersion="10.1.0.8" LicenseGroup="">
            <urn:VirtualIdentity EntityID="http://gcorp.ovh/PingFederate"/>
            <urn:DefaultVirtualIdentity EntityID="http://gcorp.ovh/PingFederate"/>
            <urn:DigitialSignatureAliases SigningKeyAlias="wiexmaqffapmmu2u4o334tafk" includeX509inXmlSig="true" includeRawKeyInXmlSig="false" SigningAlgorithm="http://www.w3.org/2001/04/xmldsig-more#rsa-sha256"/>
            <urn:Encryption>
                <urn:EncryptionPolicy EncryptionAlgorithm="http://www.w3.org/2001/04/xmlenc#aes128-cbc" KeyTransportAlgorithm="http://www.w3.org/2001/04/xmlenc#rsa-oaep-mgf1p" EncryptAssertion="false" EncryptSubjectNameID="false" SLOEncryptSubjectNameID="false"/>
                <urn:DecryptionPolicy AssertionEncrypted="false" SubjectNameIDEncrypted="false" AttributeEncrypted="false" SLOSubjectNameIDEncrypted="false"/>
            </urn:Encryption>
            <urn:ConnectionTemplateProperties/>
            <urn:MetadataUrlId xsi:nil="true" xmlns:xsi="http://www.w3.org/2001/XMLSchema-instance"/>
            <urn:enableAutoMetadataUpdate>false</urn:enableAutoMetadataUpdate>
            <urn:AdditionalAllowedEntitiesConfiguration>
                <urn:AllowAdditionalEntities>false</urn:AllowAdditionalEntities>
                <urn:AllowAllEntities>false</urn:AllowAllEntities>
                <urn:AdditionalAllowedEntities/>
            </urn:AdditionalAllowedEntitiesConfiguration>
        </urn:EntityExtension>
    </md:Extensions>
    <md:SPSSODescriptor protocolSupportEnumeration="WSFED" AuthnRequestsSigned="false" WantAssertionsSigned="false" SignResponseAsRequired="false">
        <md:Extensions>
            <urn:RoleExtension ArtifactTimeoutSeconds="60" LastModified="2020-07-25T02:41:41.372Z">
                <urn:IncomingBindings Artifact="true" POST="true" Redirect="true" SOAP="true"/>
                <urn:EnabledProfiles IDPInitiatedSSO="true" IDPInitiatedSLO="true" SPInitiatedSSO="true" SPInitiatedSLO="true"/>
                <urn:SP AssertionValidityAfterMinutes="5" AssertionValidityBeforeMinutes="5" ConnectionTargetType="Standard" EnableCDCDuringSSO="false">
                    <urn:C2cContractToAssertionMapping AbortIfNotFoundInAnyDataSources="false" RestrictVirtualServerIds="false" C2cContractId="RBhbG8qNX4nFnhJb" C2cContractName="Attributes">
                        <urn:DefaultAttributeMapping>
                            <urn:AttributeMap Name="UPN" Type="Authentication Policy Contract" Value="userPrincipalName"/>
                            <urn:AttributeMap Name="ImmutableID" Type="Authentication Policy Contract" Value="objectGUID"/>
                            <urn:AttributeMap Name="SAML_SUBJECT" Type="Authentication Policy Contract" Value="objectGUID"/>
                            <urn:AttributeMap Name="SAML_NAME_FORMAT" Type="Text" Value="urn:oasis:names:tc:SAML:1.1:nameid-format:unspecified"/>
                            <urn:TokenAuthorizationIssuanceCriteria/>
                        </urn:DefaultAttributeMapping>
                    </urn:C2cContractToAssertionMapping>
                    <urn:NameIdentifierMappingType IncludeAdditionalAttributes="false" IncludeAdditionalTransientAttributes="false"/>
                    <urn:WsFedSettings>
                        <urn:TokenType>SAML11</urn:TokenType>
                        <urn:WsTrustVersion>1.2</urn:WsTrustVersion>
                    </urn:WsFedSettings>
                </urn:SP>
                <urn:RedirectValidationWhitelist>
                    <urn:UrlWhitelistEntry RequireHttps="true" AllowQueryAndFragment="true" Path="" DomainPattern="*.microsoftonline.com"/>
                </urn:RedirectValidationWhitelist>
            </urn:RoleExtension>
        </md:Extensions>
        <md:SingleLogoutService Binding="wsfed:prp:http:get" Location="https://login.microsoftonline.com/login.srf"/>
        <md:NameIDFormat>http://schemas.xmlsoap.org/claims/UPN</md:NameIDFormat>
        <md:AssertionConsumerService index="1" Location="https://login.microsoftonline.com/login.srf" Binding="wsfed:prp:http:post" isDefault="true"/>
        <md:AttributeConsumingService index="0">
            <md:ServiceName xml:lang="en">AttributeContract</md:ServiceName>
            <md:RequestedAttribute Name="UPN" NameFormat="http://schemas.xmlsoap.org/claims"/>
            <md:RequestedAttribute Name="ImmutableID" NameFormat="http://schemas.microsoft.com/LiveID/Federation/2008/05"/>
            <md:RequestedAttribute Name="SAML_NAME_FORMAT" NameFormat="http://schemas.xmlsoap.org/claims"/>
        </md:AttributeConsumingService>
    </md:SPSSODescriptor>
    <md:RoleDescriptor protocolSupportEnumeration="WSFED" xsi:type="urn:PFSpWsTrustRoleDescriptorType" xmlns:xsi="http://www.w3.org/2001/XMLSchema-instance">
        <md:Extensions>
            <urn:RoleExtension LastModified="2020-07-25T02:41:41.372Z"/>
        </md:Extensions>
        <urn:WsTrustSettings>
            <urn:AppliesTo>https://pingfederate.lab:9031/idp/sts.wst</urn:AppliesTo>
            <urn:TokenType>http://docs.oasis-open.org/wss/oasis-wss-saml-token-profile-1.1#SAMLV1.1O365</urn:TokenType>
            <urn:UseSamlHoK>false</urn:UseSamlHoK>
            <urn:AbortIfNotFulfilledFromRequest>false</urn:AbortIfNotFulfilledFromRequest>
            <urn:EncryptAssertion>false</urn:EncryptAssertion>
            <urn:AssertionValidityBeforeMinutes>5</urn:AssertionValidityBeforeMinutes>
            <urn:AssertionValidityAfterMinutes>30</urn:AssertionValidityAfterMinutes>
            <urn:TokenToAssertionMapping pluginId="UsernameTokenProcessor" RestrictVirtualServerIds="false">
                <urn:AttributeMapping>
                    <urn:AttributeMap Name="UPN" Type="LDAP" AttributeSourceId="LDAPSTS" Value="userPrincipalName"/>
                    <urn:AttributeMap Name="ImmutableID" Type="LDAP" AttributeSourceId="LDAPSTS" Value="objectGUID"/>
                    <urn:AttributeMap Name="TOKEN_SUBJECT" Type="LDAP" AttributeSourceId="LDAPSTS" Value="objectGUID"/>
                    <urn:AttributeMap Name="SAML_NAME_FORMAT" Type="Text" Value="urn:oasis:names:tc:SAML:1.1:nameid-format:unspecified"/>
                    <urn:AttributeSource Id="LDAPSTS" Description="LDAPSTS" Type="LDAP" DataSourceId="LDAP-7E7321F1A07451A2538CBE28E3049C562A437409">
                        <urn:Parameter Name="filter" Value="(|(sAMAccountName=${username})(userPrincipalName=${username}))"/>
                        <urn:Parameter Name="search_base" Value="OU=Ping,DC=gcorp,DC=ovh"/>
                        <urn:Parameter Name="search_scope" Value="SUBTREE_SCOPE"/>
                        <urn:Parameter Name="memberof_nested_group" Value="false"/>
                        <urn:BinaryAttributeEncoding Name="objectGUID" Encoding="BASE64"/>
                    </urn:AttributeSource>
                    <urn:TokenAuthorizationIssuanceCriteria/>
                </urn:AttributeMapping>
            </urn:TokenToAssertionMapping>
            <urn:ExtendedAttributeContract>
                <urn:ExtendedAttribute AttributeName="UPN" MaskValue="false" Namespace="http://schemas.xmlsoap.org/claims"/>
                <urn:ExtendedAttribute AttributeName="ImmutableID" MaskValue="false" Namespace="http://schemas.microsoft.com/LiveID/Federation/2008/05"/>
                <urn:ExtendedAttribute AttributeName="SAML_NAME_FORMAT" MaskValue="false" Namespace="http://schemas.microsoft.com/LiveID/Federation/2008/05"/>
            </urn:ExtendedAttributeContract>
            <urn:enableOAuthSamlBearer>false</urn:enableOAuthSamlBearer>
        </urn:WsTrustSettings>
    </md:RoleDescriptor>
    <md:RoleDescriptor protocolSupportEnumeration="urn:oasis:names:tc:SAML:2.0:protocol" xsi:type="urn:PFAvailableCertsRoleDescriptorType" xmlns:xsi="http://www.w3.org/2001/XMLSchema-instance"/>
    <md:ContactPerson contactType="administrative"/>
</md:EntityDescriptor>