<?xml version="1.0" encoding="UTF-8"?>
<md:EntityDescriptor entityID="https://auth.pingone.com/3c0fc6d8-3815-4e7b-a670-06336b055369/as" urn:name="P14C_IdP" ID="f66yxDLpLQpBHYPjon1Rzh6E6av" urn:LogLevel="STANDARD" urn:isActive="true" xmlns:md="urn:oasis:names:tc:SAML:2.0:metadata" xmlns:urn="urn:sourceid.org:saml2:metadata-extension:v2">
    <md:Extensions>
        <urn:EntityExtension PFVersion="10.1.0.8" LicenseGroup="">
            <urn:DigitialSignatureAliases/>
            <urn:Encryption>
                <urn:EncryptionPolicy EncryptionAlgorithm="http://www.w3.org/2001/04/xmlenc#aes128-cbc" KeyTransportAlgorithm="http://www.w3.org/2001/04/xmlenc#rsa-oaep-mgf1p" EncryptAssertion="false" EncryptSubjectNameID="false" SLOEncryptSubjectNameID="false"/>
                <urn:DecryptionPolicy AssertionEncrypted="false" SubjectNameIDEncrypted="false" AttributeEncrypted="false" SLOSubjectNameIDEncrypted="false"/>
            </urn:Encryption>
            <urn:ConnectionTemplateProperties/>
            <urn:MetadataUrlId xsi:nil="true" xmlns:xsi="http://www.w3.org/2001/XMLSchema-instance"/>
            <urn:enableAutoMetadataUpdate>false</urn:enableAutoMetadataUpdate>
            <urn:AdditionalAllowedEntitiesConfiguration>
                <urn:AllowAdditionalEntities>false</urn:AllowAdditionalEntities>
                <urn:AllowAllEntities>false</urn:AllowAllEntities>
                <urn:AdditionalAllowedEntities/>
            </urn:AdditionalAllowedEntitiesConfiguration>
        </urn:EntityExtension>
    </md:Extensions>
    <md:IDPSSODescriptor protocolSupportEnumeration="OIDC" WantAuthnRequestsSigned="false">
        <md:Extensions>
            <urn:RoleExtension ArtifactTimeoutSeconds="60" LastModified="2020-12-14T20:45:59.097Z">
                <urn:IncomingBindings Artifact="true" POST="true" Redirect="true" SOAP="true"/>
                <urn:EnabledProfiles IDPInitiatedSSO="true" IDPInitiatedSLO="false" SPInitiatedSSO="true" SPInitiatedSLO="false"/>
                <urn:IDP AssertionsSigned="false" DefaultTargetResource="">
                    <urn:ConnectionContractMapping C2cContractId="SIBSFSourK7TnUbw" C2cContractName="P14CPolicyContract" RestrictVirtualServerIds="false">
                        <urn:AttributeMap Name="subject" Type="Provider Claims" Value="sub"/>
                        <urn:AttributeMap Name="given_name" Type="Provider Claims" Value="given_name"/>
                        <urn:AttributeMap Name="family_name" Type="Provider Claims" Value="family_name"/>
                        <urn:AttributeMap Name="email" Type="Provider Claims" Value="email"/>
                        <urn:TokenAuthorizationIssuanceCriteria/>
                    </urn:ConnectionContractMapping>
                    <urn:AccountLinkingAndMapping Type="mapping" IncludeAdditionalAttributes="false"/>
                    <urn:ErrPageMsg>errorDetail.spSsoFailure</urn:ErrPageMsg>
                    <urn:maskedAttribute>access_token</urn:maskedAttribute>
                    <urn:maskedAttribute>id_token</urn:maskedAttribute>
                </urn:IDP>
            </urn:RoleExtension>
        </md:Extensions>
        <md:SingleSignOnService Binding="oauth:authz" Location="https://auth.pingone.com/3c0fc6d8-3815-4e7b-a670-06336b055369/as/authorize"/>
        <saml:Attribute Name="zoneinfo" NameFormat="urn:oasis:names:tc:SAML:2.0:attrname-format:basic" xmlns:saml="urn:oasis:names:tc:SAML:2.0:assertion"/>
        <saml:Attribute Name="address" NameFormat="urn:oasis:names:tc:SAML:2.0:attrname-format:basic" xmlns:saml="urn:oasis:names:tc:SAML:2.0:assertion"/>
        <saml:Attribute Name="profile" NameFormat="urn:oasis:names:tc:SAML:2.0:attrname-format:basic" xmlns:saml="urn:oasis:names:tc:SAML:2.0:assertion"/>
        <saml:Attribute Name="iss" NameFormat="urn:oasis:names:tc:SAML:2.0:attrname-format:basic" xmlns:saml="urn:oasis:names:tc:SAML:2.0:assertion"/>
        <saml:Attribute Name="preferred_username" NameFormat="urn:oasis:names:tc:SAML:2.0:attrname-format:basic" xmlns:saml="urn:oasis:names:tc:SAML:2.0:assertion"/>
        <saml:Attribute Name="given_name" NameFormat="urn:oasis:names:tc:SAML:2.0:attrname-format:basic" xmlns:saml="urn:oasis:names:tc:SAML:2.0:assertion"/>
        <saml:Attribute Name="middle_name" NameFormat="urn:oasis:names:tc:SAML:2.0:attrname-format:basic" xmlns:saml="urn:oasis:names:tc:SAML:2.0:assertion"/>
        <saml:Attribute Name="locale" NameFormat="urn:oasis:names:tc:SAML:2.0:attrname-format:basic" xmlns:saml="urn:oasis:names:tc:SAML:2.0:assertion"/>
        <saml:Attribute Name="picture" NameFormat="urn:oasis:names:tc:SAML:2.0:attrname-format:basic" xmlns:saml="urn:oasis:names:tc:SAML:2.0:assertion"/>
        <saml:Attribute Name="acr" NameFormat="urn:oasis:names:tc:SAML:2.0:attrname-format:basic" xmlns:saml="urn:oasis:names:tc:SAML:2.0:assertion"/>
        <saml:Attribute Name="updated_at" NameFormat="urn:oasis:names:tc:SAML:2.0:attrname-format:basic" xmlns:saml="urn:oasis:names:tc:SAML:2.0:assertion"/>
        <saml:Attribute Name="auth_time" NameFormat="urn:oasis:names:tc:SAML:2.0:attrname-format:basic" xmlns:saml="urn:oasis:names:tc:SAML:2.0:assertion"/>
        <saml:Attribute Name="name" NameFormat="urn:oasis:names:tc:SAML:2.0:attrname-format:basic" xmlns:saml="urn:oasis:names:tc:SAML:2.0:assertion"/>
        <saml:Attribute Name="phone_number" NameFormat="urn:oasis:names:tc:SAML:2.0:attrname-format:basic" xmlns:saml="urn:oasis:names:tc:SAML:2.0:assertion"/>
        <saml:Attribute Name="family_name" NameFormat="urn:oasis:names:tc:SAML:2.0:attrname-format:basic" xmlns:saml="urn:oasis:names:tc:SAML:2.0:assertion"/>
        <saml:Attribute Name="email" NameFormat="urn:oasis:names:tc:SAML:2.0:attrname-format:basic" xmlns:saml="urn:oasis:names:tc:SAML:2.0:assertion"/>
    </md:IDPSSODescriptor>
    <md:RoleDescriptor protocolSupportEnumeration="OIDC" xsi:type="urn:PFOIDCRoleDescriptorType" xmlns:xsi="http://www.w3.org/2001/XMLSchema-instance">
        <md:Extensions>
            <urn:RoleExtension LastModified="2020-12-14T20:45:59.097Z"/>
        </md:Extensions>
        <urn:OpenIDConnectSettings>
            <urn:TokenEndpoint>https://auth.pingone.com/3c0fc6d8-3815-4e7b-a670-06336b055369/as/token</urn:TokenEndpoint>
            <urn:JWKSUri>https://auth.pingone.com/3c0fc6d8-3815-4e7b-a670-06336b055369/as/jwks</urn:JWKSUri>
            <urn:Scopes>openid profile email address phone</urn:Scopes>
            <urn:Profile>BASIC</urn:Profile>
            <urn:UserInfoEndpoint>https://auth.pingone.com/3c0fc6d8-3815-4e7b-a670-06336b055369/as/userinfo</urn:UserInfoEndpoint>
            <urn:ClientID>966d5383-b08a-4270-9956-8ad2ff6d809b</urn:ClientID>
            <urn:ClientSecret>eyJhbGciOiJkaXIiLCJlbmMiOiJBMTI4Q0JDLUhTMjU2Iiwia2lkIjoiTmswWnphcWk3NiIsInZlcnNpb24iOiIxMC4xLjAuOCJ9..8FczXNMT_M4TKPTPP4wNzg.0AVA1qYTPRrD0qf9Ap-qRK2uA3iQbJAi0dXsh4LGVjZILT2RhgKenVNakUu0Q0zz7PcT3My7t75o0ifkcIsiAMmO7u_jrSFDOguvpi3Hvvo.H6hHt0HYJXGkErBExyGDwg</urn:ClientSecret>
            <urn:BasicAuth>true</urn:BasicAuth>
            <urn:PrivateJwtAuth>false</urn:PrivateJwtAuth>
        </urn:OpenIDConnectSettings>
    </md:RoleDescriptor>
    <md:RoleDescriptor protocolSupportEnumeration="urn:oasis:names:tc:SAML:2.0:protocol" xsi:type="urn:PFAvailableCertsRoleDescriptorType" xmlns:xsi="http://www.w3.org/2001/XMLSchema-instance"/>
    <md:ContactPerson contactType="administrative"/>
</md:EntityDescriptor>