<?xml version="1.0" encoding="UTF-8"?>
<urn:OAuthConfig enableOAuth="true" authzCodeLength="30" authzCodeTimeout="60" rollRefreshTokens="false" rollingInterval="0" refreshTokenLength="42" atmIdForOAuthGrantManagement="" scopeForOAuthGrantManagement="" globalPersistentGrantExpirationTime="-1" globalPersistentGrantExpirationTimeUnit="d" globalPersistentGrantIdleTimeout="30" globalPersistentGrantIdleTimeoutTimeUnit="d" tokenEndpointBaseUrl="" userAuthzUrl="" registeredAuthzPath="" pendingAuthzTimeout="600" bypassActivationCodeConfirmation="false" devicePollingInterval="5" authzConsentSetting="" externalConsentAdapterId="" returnedScopeAttributeName="" parTimeout="60" parRefLength="24" parStatus="ENABLED" xmlns:urn="urn:pingidentity.com:pf:oauth:conf">
    <urn:UserKeyToAccessTokenMapping contextId="authz_req|apc.RBhbG8qNX4nFnhJb" tokenManagerId="jwt">
        <urn1:AttributeMap Name="mail" Type="Authentication Policy Contract" Value="apc.mail" xmlns:urn1="urn:sourceid.org:saml2:metadata-extension:v2"/>
        <urn1:AttributeMap Name="Username" Type="Authentication Policy Contract" Value="apc.subject" xmlns:urn1="urn:sourceid.org:saml2:metadata-extension:v2"/>
        <urn1:AttributeMap Name="sAMAccountName" Type="Authentication Policy Contract" Value="apc.sAMAccountName" xmlns:urn1="urn:sourceid.org:saml2:metadata-extension:v2"/>
        <urn1:AttributeMap Name="givenName" Type="Authentication Policy Contract" Value="apc.givenName" xmlns:urn1="urn:sourceid.org:saml2:metadata-extension:v2"/>
        <urn1:AttributeMap Name="OrgName" Type="Extended Properties" Value="extproperties.Domain" xmlns:urn1="urn:sourceid.org:saml2:metadata-extension:v2"/>
        <urn1:AttributeMap Name="memberOf" Type="Authentication Policy Contract" Value="apc.memberOf" xmlns:urn1="urn:sourceid.org:saml2:metadata-extension:v2"/>
        <urn1:AttributeMap Name="sn" Type="Authentication Policy Contract" Value="apc.sn" xmlns:urn1="urn:sourceid.org:saml2:metadata-extension:v2"/>
        <urn1:AttributeMap Name="userPrincipalName" Type="Authentication Policy Contract" Value="apc.userPrincipalName" xmlns:urn1="urn:sourceid.org:saml2:metadata-extension:v2"/>
        <urn1:TokenAuthorizationIssuanceCriteria xmlns:urn1="urn:sourceid.org:saml2:metadata-extension:v2"/>
    </urn:UserKeyToAccessTokenMapping>
    <urn:UserKeyToAccessTokenMapping contextId="authz_req|apc.RBhbG8qNX4nFnhJb" tokenManagerId="httpbinoidc">
        <urn1:AttributeMap Name="mail" Type="Authentication Policy Contract" Value="apc.mail" xmlns:urn1="urn:sourceid.org:saml2:metadata-extension:v2"/>
        <urn1:AttributeMap Name="sAMAccountName" Type="Authentication Policy Contract" Value="apc.sAMAccountName" xmlns:urn1="urn:sourceid.org:saml2:metadata-extension:v2"/>
        <urn1:AttributeMap Name="subject" Type="Authentication Policy Contract" Value="apc.subject" xmlns:urn1="urn:sourceid.org:saml2:metadata-extension:v2"/>
        <urn1:AttributeMap Name="givenName" Type="Authentication Policy Contract" Value="apc.givenName" xmlns:urn1="urn:sourceid.org:saml2:metadata-extension:v2"/>
        <urn1:AttributeMap Name="memberOf" Type="Authentication Policy Contract" Value="apc.memberOf" xmlns:urn1="urn:sourceid.org:saml2:metadata-extension:v2"/>
        <urn1:AttributeMap Name="sn" Type="Authentication Policy Contract" Value="apc.sn" xmlns:urn1="urn:sourceid.org:saml2:metadata-extension:v2"/>
        <urn1:AttributeMap Name="userPrincipalName" Type="Authentication Policy Contract" Value="apc.userPrincipalName" xmlns:urn1="urn:sourceid.org:saml2:metadata-extension:v2"/>
        <urn1:TokenAuthorizationIssuanceCriteria xmlns:urn1="urn:sourceid.org:saml2:metadata-extension:v2"/>
    </urn:UserKeyToAccessTokenMapping>
    <urn:UserKeyToAccessTokenMapping contextId="authz_req|apc.SIBSFSourK7TnUbw" tokenManagerId="jwt">
        <urn1:AttributeMap Name="mail" Type="Authentication Policy Contract" Value="apc.email" xmlns:urn1="urn:sourceid.org:saml2:metadata-extension:v2"/>
        <urn1:AttributeMap Name="Username" Type="Authentication Policy Contract" Value="apc.subject" xmlns:urn1="urn:sourceid.org:saml2:metadata-extension:v2"/>
        <urn1:AttributeMap Name="sAMAccountName" Type="No Mapping" Value="NO_MAPPING" xmlns:urn1="urn:sourceid.org:saml2:metadata-extension:v2"/>
        <urn1:AttributeMap Name="givenName" Type="Authentication Policy Contract" Value="apc.given_name" xmlns:urn1="urn:sourceid.org:saml2:metadata-extension:v2"/>
        <urn1:AttributeMap Name="OrgName" Type="Text" Value="gcorp.ovh" xmlns:urn1="urn:sourceid.org:saml2:metadata-extension:v2"/>
        <urn1:AttributeMap Name="memberOf" Type="No Mapping" Value="NO_MAPPING" xmlns:urn1="urn:sourceid.org:saml2:metadata-extension:v2"/>
        <urn1:AttributeMap Name="sn" Type="Authentication Policy Contract" Value="apc.given_name" xmlns:urn1="urn:sourceid.org:saml2:metadata-extension:v2"/>
        <urn1:AttributeMap Name="userPrincipalName" Type="No Mapping" Value="NO_MAPPING" xmlns:urn1="urn:sourceid.org:saml2:metadata-extension:v2"/>
        <urn1:TokenAuthorizationIssuanceCriteria xmlns:urn1="urn:sourceid.org:saml2:metadata-extension:v2"/>
    </urn:UserKeyToAccessTokenMapping>
    <urn:UserKeyToAccessTokenMapping contextId="urn:ietf:params:oauth:grant-type:token-exchange|AccessTokenProcessorPolicy" tokenManagerId="jwt">
        <urn1:AttributeMap Name="mail" Type="No Mapping" Value="NO_MAPPING" xmlns:urn1="urn:sourceid.org:saml2:metadata-extension:v2"/>
        <urn1:AttributeMap Name="Username" Type="Processor Policy" Value="tepp.subject" xmlns:urn1="urn:sourceid.org:saml2:metadata-extension:v2"/>
        <urn1:AttributeMap Name="sAMAccountName" Type="No Mapping" Value="NO_MAPPING" xmlns:urn1="urn:sourceid.org:saml2:metadata-extension:v2"/>
        <urn1:AttributeMap Name="givenName" Type="No Mapping" Value="NO_MAPPING" xmlns:urn1="urn:sourceid.org:saml2:metadata-extension:v2"/>
        <urn1:AttributeMap Name="OrgName" Type="Text" Value="gcorp.ovh" xmlns:urn1="urn:sourceid.org:saml2:metadata-extension:v2"/>
        <urn1:AttributeMap Name="memberOf" Type="Processor Policy" Value="tepp.memberOf" xmlns:urn1="urn:sourceid.org:saml2:metadata-extension:v2"/>
        <urn1:AttributeMap Name="sn" Type="No Mapping" Value="NO_MAPPING" xmlns:urn1="urn:sourceid.org:saml2:metadata-extension:v2"/>
        <urn1:AttributeMap Name="userPrincipalName" Type="Processor Policy" Value="tepp.userPrincipalName" xmlns:urn1="urn:sourceid.org:saml2:metadata-extension:v2"/>
        <urn1:TokenAuthorizationIssuanceCriteria xmlns:urn1="urn:sourceid.org:saml2:metadata-extension:v2"/>
    </urn:UserKeyToAccessTokenMapping>
    <urn:UserKeyToAccessTokenMapping contextId="authz_req|apc.HVp1TmzVG6KIUCIp" tokenManagerId="PingIDforWinLoginAT">
        <urn1:AttributeMap Name="mail" Type="No Mapping" Value="NO_MAPPING" xmlns:urn1="urn:sourceid.org:saml2:metadata-extension:v2"/>
        <urn1:AttributeMap Name="subject" Type="Authentication Policy Contract" Value="apc.subject" xmlns:urn1="urn:sourceid.org:saml2:metadata-extension:v2"/>
        <urn1:AttributeMap Name="givenName" Type="Authentication Policy Contract" Value="apc.givenName" xmlns:urn1="urn:sourceid.org:saml2:metadata-extension:v2"/>
        <urn1:AttributeMap Name="winlogin.auth.response" Type="Authentication Policy Contract" Value="apc.winlogin.auth.response" xmlns:urn1="urn:sourceid.org:saml2:metadata-extension:v2"/>
        <urn1:AttributeMap Name="memberOf" Type="Authentication Policy Contract" Value="apc.memberOf" xmlns:urn1="urn:sourceid.org:saml2:metadata-extension:v2"/>
        <urn1:AttributeMap Name="sn" Type="Authentication Policy Contract" Value="apc.sn" xmlns:urn1="urn:sourceid.org:saml2:metadata-extension:v2"/>
        <urn1:TokenAuthorizationIssuanceCriteria xmlns:urn1="urn:sourceid.org:saml2:metadata-extension:v2"/>
    </urn:UserKeyToAccessTokenMapping>
    <urn:UserKeyToAccessTokenMapping contextId="authz_req|apc.bdBD4Df7ChtQh3uJ" tokenManagerId="WinLoginACI">
        <urn1:AttributeMap Name="subject" Type="Authentication Policy Contract" Value="apc.subject" xmlns:urn1="urn:sourceid.org:saml2:metadata-extension:v2"/>
        <urn1:AttributeMap Name="winlogin.auth.response" Type="Authentication Policy Contract" Value="apc.winlogin.auth.response" xmlns:urn1="urn:sourceid.org:saml2:metadata-extension:v2"/>
        <urn1:TokenAuthorizationIssuanceCriteria xmlns:urn1="urn:sourceid.org:saml2:metadata-extension:v2"/>
    </urn:UserKeyToAccessTokenMapping>
    <urn:UserKeyToAccessTokenMapping contextId="authz_req|DeviceAuthZRefID" tokenManagerId="jwt">
        <urn1:AttributeMap Name="mail" Type="No Mapping" Value="NO_MAPPING" xmlns:urn1="urn:sourceid.org:saml2:metadata-extension:v2"/>
        <urn1:AttributeMap Name="Username" Type="Adapter" Value="adapter.subject" xmlns:urn1="urn:sourceid.org:saml2:metadata-extension:v2"/>
        <urn1:AttributeMap Name="sAMAccountName" Type="No Mapping" Value="NO_MAPPING" xmlns:urn1="urn:sourceid.org:saml2:metadata-extension:v2"/>
        <urn1:AttributeMap Name="givenName" Type="No Mapping" Value="NO_MAPPING" xmlns:urn1="urn:sourceid.org:saml2:metadata-extension:v2"/>
        <urn1:AttributeMap Name="OrgName" Type="No Mapping" Value="NO_MAPPING" xmlns:urn1="urn:sourceid.org:saml2:metadata-extension:v2"/>
        <urn1:AttributeMap Name="memberOf" Type="No Mapping" Value="NO_MAPPING" xmlns:urn1="urn:sourceid.org:saml2:metadata-extension:v2"/>
        <urn1:AttributeMap Name="sn" Type="No Mapping" Value="NO_MAPPING" xmlns:urn1="urn:sourceid.org:saml2:metadata-extension:v2"/>
        <urn1:AttributeMap Name="userPrincipalName" Type="No Mapping" Value="NO_MAPPING" xmlns:urn1="urn:sourceid.org:saml2:metadata-extension:v2"/>
        <urn1:TokenAuthorizationIssuanceCriteria xmlns:urn1="urn:sourceid.org:saml2:metadata-extension:v2"/>
    </urn:UserKeyToAccessTokenMapping>
    <urn:UserKeyToAccessTokenMapping contextId="authz_req|HTMLFormSimplePCV" tokenManagerId="jwt">
        <urn1:AttributeMap Name="mail" Type="Adapter" Value="adapter.mail" xmlns:urn1="urn:sourceid.org:saml2:metadata-extension:v2"/>
        <urn1:AttributeMap Name="Username" Type="Adapter" Value="adapter.username" xmlns:urn1="urn:sourceid.org:saml2:metadata-extension:v2"/>
        <urn1:AttributeMap Name="sAMAccountName" Type="Adapter" Value="adapter.sAMAccountName" xmlns:urn1="urn:sourceid.org:saml2:metadata-extension:v2"/>
        <urn1:AttributeMap Name="givenName" Type="Adapter" Value="adapter.givenName" xmlns:urn1="urn:sourceid.org:saml2:metadata-extension:v2"/>
        <urn1:AttributeMap Name="OrgName" Type="Text" Value="GiaoCorp" xmlns:urn1="urn:sourceid.org:saml2:metadata-extension:v2"/>
        <urn1:AttributeMap Name="memberOf" Type="Adapter" Value="adapter.memberOf" xmlns:urn1="urn:sourceid.org:saml2:metadata-extension:v2"/>
        <urn1:AttributeMap Name="sn" Type="Adapter" Value="adapter.sn" xmlns:urn1="urn:sourceid.org:saml2:metadata-extension:v2"/>
        <urn1:AttributeMap Name="userPrincipalName" Type="Adapter" Value="adapter.userPrincipalName" xmlns:urn1="urn:sourceid.org:saml2:metadata-extension:v2"/>
        <urn1:TokenAuthorizationIssuanceCriteria xmlns:urn1="urn:sourceid.org:saml2:metadata-extension:v2"/>
    </urn:UserKeyToAccessTokenMapping>
    <urn:UserKeyToAccessTokenMapping contextId="authz_req|HTMLFormSimplePCV" tokenManagerId="PAAccessToken">
        <urn1:AttributeMap Name="username" Type="Persistent Grant" Value="USER_KEY" xmlns:urn1="urn:sourceid.org:saml2:metadata-extension:v2"/>
        <urn1:TokenAuthorizationIssuanceCriteria xmlns:urn1="urn:sourceid.org:saml2:metadata-extension:v2"/>
    </urn:UserKeyToAccessTokenMapping>
    <urn:AdapterToUserKeyMapping sourcePluginId="HTMLFormSimplePCV">
        <urn1:AttributeMap Name="USER_NAME" Type="Adapter" Value="username" xmlns:urn1="urn:sourceid.org:saml2:metadata-extension:v2"/>
        <urn1:AttributeMap Name="USER_KEY" Type="Adapter" Value="username" xmlns:urn1="urn:sourceid.org:saml2:metadata-extension:v2"/>
        <urn1:TokenAuthorizationIssuanceCriteria xmlns:urn1="urn:sourceid.org:saml2:metadata-extension:v2"/>
    </urn:AdapterToUserKeyMapping>
    <urn:AdapterToUserKeyMapping sourcePluginId="DeviceAuthZRefID">
        <urn1:AttributeMap Name="USER_NAME" Type="Adapter" Value="subject" xmlns:urn1="urn:sourceid.org:saml2:metadata-extension:v2"/>
        <urn1:AttributeMap Name="USER_KEY" Type="Adapter" Value="subject" xmlns:urn1="urn:sourceid.org:saml2:metadata-extension:v2"/>
        <urn1:TokenAuthorizationIssuanceCriteria xmlns:urn1="urn:sourceid.org:saml2:metadata-extension:v2"/>
    </urn:AdapterToUserKeyMapping>
    <urn:AdapterToUserKeyMapping sourcePluginId="HTMLUsername">
        <urn1:AttributeMap Name="USER_NAME" Type="Adapter" Value="username" xmlns:urn1="urn:sourceid.org:saml2:metadata-extension:v2"/>
        <urn1:AttributeMap Name="USER_KEY" Type="Adapter" Value="username" xmlns:urn1="urn:sourceid.org:saml2:metadata-extension:v2"/>
        <urn1:TokenAuthorizationIssuanceCriteria xmlns:urn1="urn:sourceid.org:saml2:metadata-extension:v2"/>
    </urn:AdapterToUserKeyMapping>
    <urn:AdapterToUserKeyMapping sourcePluginId="PingIDforWinLogin">
        <urn1:AttributeMap Name="USER_NAME" Type="Adapter" Value="subject" xmlns:urn1="urn:sourceid.org:saml2:metadata-extension:v2"/>
        <urn1:AttributeMap Name="USER_KEY" Type="Adapter" Value="subject" xmlns:urn1="urn:sourceid.org:saml2:metadata-extension:v2"/>
        <urn1:TokenAuthorizationIssuanceCriteria xmlns:urn1="urn:sourceid.org:saml2:metadata-extension:v2"/>
    </urn:AdapterToUserKeyMapping>
    <urn:PasswordCredentialValidatorToUserKeyMapping sourcePluginId="PingOneLDAPPCV">
        <urn1:AttributeMap Name="USER_KEY" Type="Password Credential Validator" Value="username" xmlns:urn1="urn:sourceid.org:saml2:metadata-extension:v2"/>
        <urn1:TokenAuthorizationIssuanceCriteria xmlns:urn1="urn:sourceid.org:saml2:metadata-extension:v2"/>
    </urn:PasswordCredentialValidatorToUserKeyMapping>
    <urn:PasswordCredentialValidatorToUserKeyMapping sourcePluginId="UserPass">
        <urn1:AttributeMap Name="USER_KEY" Type="Password Credential Validator" Value="username" xmlns:urn1="urn:sourceid.org:saml2:metadata-extension:v2"/>
        <urn1:TokenAuthorizationIssuanceCriteria xmlns:urn1="urn:sourceid.org:saml2:metadata-extension:v2"/>
    </urn:PasswordCredentialValidatorToUserKeyMapping>
    <urn:ApcToUserKeyMapping sourcePluginId="RBhbG8qNX4nFnhJb">
        <urn1:AttributeMap Name="USER_NAME" Type="Authentication Policy Contract" Value="subject" xmlns:urn1="urn:sourceid.org:saml2:metadata-extension:v2"/>
        <urn1:AttributeMap Name="USER_KEY" Type="Authentication Policy Contract" Value="subject" xmlns:urn1="urn:sourceid.org:saml2:metadata-extension:v2"/>
        <urn1:TokenAuthorizationIssuanceCriteria xmlns:urn1="urn:sourceid.org:saml2:metadata-extension:v2"/>
    </urn:ApcToUserKeyMapping>
    <urn:ApcToUserKeyMapping sourcePluginId="bdBD4Df7ChtQh3uJ">
        <urn1:AttributeMap Name="USER_NAME" Type="Authentication Policy Contract" Value="subject" xmlns:urn1="urn:sourceid.org:saml2:metadata-extension:v2"/>
        <urn1:AttributeMap Name="USER_KEY" Type="Authentication Policy Contract" Value="subject" xmlns:urn1="urn:sourceid.org:saml2:metadata-extension:v2"/>
        <urn1:TokenAuthorizationIssuanceCriteria xmlns:urn1="urn:sourceid.org:saml2:metadata-extension:v2"/>
    </urn:ApcToUserKeyMapping>
    <urn:ApcToUserKeyMapping sourcePluginId="SIBSFSourK7TnUbw">
        <urn1:AttributeMap Name="USER_NAME" Type="Authentication Policy Contract" Value="subject" xmlns:urn1="urn:sourceid.org:saml2:metadata-extension:v2"/>
        <urn1:AttributeMap Name="USER_KEY" Type="Authentication Policy Contract" Value="subject" xmlns:urn1="urn:sourceid.org:saml2:metadata-extension:v2"/>
        <urn1:TokenAuthorizationIssuanceCriteria xmlns:urn1="urn:sourceid.org:saml2:metadata-extension:v2"/>
    </urn:ApcToUserKeyMapping>
    <urn:ApcToUserKeyMapping sourcePluginId="qKudip9WZE9V7LQj">
        <urn1:AttributeMap Name="USER_NAME" Type="Authentication Policy Contract" Value="subject" xmlns:urn1="urn:sourceid.org:saml2:metadata-extension:v2"/>
        <urn1:AttributeMap Name="USER_KEY" Type="Authentication Policy Contract" Value="subject" xmlns:urn1="urn:sourceid.org:saml2:metadata-extension:v2"/>
        <urn1:TokenAuthorizationIssuanceCriteria xmlns:urn1="urn:sourceid.org:saml2:metadata-extension:v2"/>
    </urn:ApcToUserKeyMapping>
    <urn:ApcToUserKeyMapping sourcePluginId="HVp1TmzVG6KIUCIp">
        <urn1:AttributeMap Name="USER_NAME" Type="Authentication Policy Contract" Value="subject" xmlns:urn1="urn:sourceid.org:saml2:metadata-extension:v2"/>
        <urn1:AttributeMap Name="USER_KEY" Type="Authentication Policy Contract" Value="subject" xmlns:urn1="urn:sourceid.org:saml2:metadata-extension:v2"/>
        <urn1:TokenAuthorizationIssuanceCriteria xmlns:urn1="urn:sourceid.org:saml2:metadata-extension:v2"/>
    </urn:ApcToUserKeyMapping>
    <urn:ReuseExistingPersistentGrantForGrant>implicit</urn:ReuseExistingPersistentGrantForGrant>
    <urn:allowedOrigins>https://pingfederate.lab:9031</urn:allowedOrigins>
    <urn:allowedOrigins>https://pingfederate-runtime:9031</urn:allowedOrigins>
    <urn:allowedOrigins>https://pingaccess.lab:3000</urn:allowedOrigins>
</urn:OAuthConfig>