<?xml version="1.0" encoding="UTF-8"?>
<datasources>
    <local-tx-datasource maskAttributeValues="false">
        <description>MySQL</description>
        <name>MySQL</name>
        <jndi-name>JDBC-1B8C7C90DA9A58C46EBECD4DEF3D0DC870EEAAC6</jndi-name>
        <connection-url>jdbc:mysql://sqlserver/pingfed?useSSL=false</connection-url>
        <driver-class>com.mysql.jdbc.Driver</driver-class>
        <user-name>administrator</user-name>
        <password>eyJhbGciOiJkaXIiLCJlbmMiOiJBMTI4Q0JDLUhTMjU2Iiwia2lkIjoiTmswWnphcWk3NiIsInZlcnNpb24iOiIxMC4xLjAuOCJ9.._gaoqhc7qUYBECCCMiF2wA.Xk9UYH4tip44VSQVZCoryQ.kq7QxvvaC5R9ZnV4NT4KJQ</password>
        <min-pool-size>10</min-pool-size>
        <max-pool-size>100</max-pool-size>
        <blocking-timeout-millis>5000</blocking-timeout-millis>
        <idle-timeout-minutes>5</idle-timeout-minutes>
        <ping-db-type>Custom</ping-db-type>
        <allow-multi-value-attributes>true</allow-multi-value-attributes>
        <connectionTagList>
            <tagEntry connection-url="jdbc:mysql://sqlserver/pingfed?useSSL=false" tags=""/>
        </connectionTagList>
    </local-tx-datasource>
    <local-tx-datasource maskAttributeValues="false">
        <description>ProvisionerDS (sa)</description>
        <name>ProvisionerDS (sa)</name>
        <jndi-name>ProvisionerDS</jndi-name>
        <connection-url>jdbc:hsqldb:${pf.server.data.dir}${/}hypersonic${/}ProvisionerDefaultDB;hsqldb.lock_file=false</connection-url>
        <driver-class>org.hsqldb.jdbcDriver</driver-class>
        <user-name>sa</user-name>
        <password>eyJhbGciOiJkaXIiLCJlbmMiOiJBMTI4Q0JDLUhTMjU2Iiwia2lkIjoiTmswWnphcWk3NiIsInZlcnNpb24iOiIxMC4xLjAuOCJ9..kxofAYKJRiBQhs1fjN0ehw.5w9fC0jCpi0zwpZvlSDCtg.V4LlHURGjR-Bev-WVJt_1w</password>
        <ping-db-type>Custom</ping-db-type>
        <allow-multi-value-attributes>false</allow-multi-value-attributes>
        <connectionTagList>
            <tagEntry connection-url="jdbc:hsqldb:${pf.server.data.dir}${/}hypersonic${/}ProvisionerDefaultDB;hsqldb.lock_file=false" tags=""/>
        </connectionTagList>
    </local-tx-datasource>
</datasources>