<?xml version="1.0" encoding="UTF-8"?>
<con:config xmlns:con="http://www.sourceid.org/2004/05/config">
    <con:map name="password-credential-validators">
        <con:item name="PingOneLDAPPCV">org.sourceid.saml20.domain.LDAPUsernamePasswordCredentialValidator</con:item>
        <con:item name="UserPass">org.sourceid.saml20.domain.SimpleUsernamePasswordCredentialValidator</con:item>
        <con:item name="P14CPCV">com.pingidentity.plugins.pcvs.p14c.PingOneForCustomersPCV</con:item>
        <con:item name="lab02comPCV">org.sourceid.saml20.domain.LDAPUsernamePasswordCredentialValidator</con:item>
        <con:item name="PingIDRadius">com.pingidentity.plugins.pcvs.pingid.PingIdPCV</con:item>
        <con:item name="PDPCV">org.sourceid.saml20.domain.LDAPUsernamePasswordCredentialValidator</con:item>
        <con:item name="RADIUS">org.sourceid.saml20.domain.RadiusUsernamePasswordCredentialValidator</con:item>
    </con:map>
    <con:map name="password-credential-validators-parents"/>
</con:config>