<?xml version="1.0" encoding="UTF-8"?>
<urn:AccessTokenManagerConfiguration inheritAccessControlSettings="false" inheritSelectionSettings="false" inheritSessionValidationSettings="false" restrictClients="false" includeSessionIdentifier="false" checkSessionRevocationStatus="false" checkValidAuthnSession="false" updateAuthnSessionActivity="false" defaultSubjectAttribute="subject" isInheritExtendedContractAttributes="false" name="WinLogin-ACI" xmlns:urn="urn:sourceid.org:saml2:adapter:conf">
    <urn:Fields>
        <urn:Field name="Token Lifetime">120</urn:Field>
        <urn:Field name="Use Centralized Signing Key">false</urn:Field>
        <urn:Field name="JWS Algorithm">HS256</urn:Field>
        <urn:Field name="Active Symmetric Key ID">WinLoginKey</urn:Field>
        <urn:Field name="Active Signing Certificate Key ID"/>
        <urn:Field name="JWE Algorithm"/>
        <urn:Field name="JWE Content Encryption Algorithm"/>
        <urn:Field name="Active Symmetric Encryption Key ID"/>
        <urn:Field name="Asymmetric Encryption Key"/>
        <urn:Field name="Asymmetric Encryption JWKS URL"/>
        <urn:Field name="Include Key ID Header Parameter">true</urn:Field>
        <urn:Field name="Include X.509 Thumbprint Header Parameter">false</urn:Field>
        <urn:Field name="Default JWKS URL Cache Duration">720</urn:Field>
        <urn:Field name="Include JWE Key ID Header Parameter">true</urn:Field>
        <urn:Field name="Include JWE X.509 Thumbprint Header Parameter">false</urn:Field>
        <urn:Field name="Client ID Claim Name">client_id</urn:Field>
        <urn:Field name="Scope Claim Name">scope</urn:Field>
        <urn:Field name="Space Delimit Scope Values">true</urn:Field>
        <urn:Field name="Issuer Claim Value"/>
        <urn:Field name="Audience Claim Value"/>
        <urn:Field name="JWT ID Claim Length">0</urn:Field>
        <urn:Field name="Access Grant GUID Claim Name"/>
        <urn:Field name="JWKS Endpoint Path"/>
        <urn:Field name="JWKS Endpoint Cache Duration">720</urn:Field>
        <urn:Field name="Publish Key ID X.509 URL">false</urn:Field>
        <urn:Field name="Publish Thumbprint X.509 URL">false</urn:Field>
        <urn:Field name="Expand Scope Groups">false</urn:Field>
        <urn:Field name="Type Header Value"/>
    </urn:Fields>
    <urn:AdvancedFields>
        <urn:Field name="Include Key ID Header Parameter">true</urn:Field>
        <urn:Field name="Include X.509 Thumbprint Header Parameter">false</urn:Field>
        <urn:Field name="Default JWKS URL Cache Duration">720</urn:Field>
        <urn:Field name="Include JWE Key ID Header Parameter">true</urn:Field>
        <urn:Field name="Include JWE X.509 Thumbprint Header Parameter">false</urn:Field>
        <urn:Field name="Client ID Claim Name">client_id</urn:Field>
        <urn:Field name="Scope Claim Name">scope</urn:Field>
        <urn:Field name="Space Delimit Scope Values">true</urn:Field>
        <urn:Field name="Issuer Claim Value"/>
        <urn:Field name="Audience Claim Value"/>
        <urn:Field name="JWT ID Claim Length">0</urn:Field>
        <urn:Field name="Access Grant GUID Claim Name"/>
        <urn:Field name="JWKS Endpoint Path"/>
        <urn:Field name="JWKS Endpoint Cache Duration">720</urn:Field>
        <urn:Field name="Publish Key ID X.509 URL">false</urn:Field>
        <urn:Field name="Publish Thumbprint X.509 URL">false</urn:Field>
        <urn:Field name="Expand Scope Groups">false</urn:Field>
        <urn:Field name="Type Header Value"/>
    </urn:AdvancedFields>
    <urn:Tables>
        <urn:Table name="Symmetric Keys">
            <urn:Row defaultRow="false">
                <urn:Field name="Key ID">WinLoginKey</urn:Field>
                <urn:Field name="Key">eyJhbGciOiJkaXIiLCJlbmMiOiJBMTI4Q0JDLUhTMjU2Iiwia2lkIjoiTmswWnphcWk3NiIsInZlcnNpb24iOiIxMC4xLjAuOCJ9..f--2HF7pEmU9QpJvg1LgUg.P62MjxUGl52IC12XxhbsvcuPH35XeNhRNhT5fQNZ_MlMJOYb9wT8vTvdYtYAbTTe.et1j4joatyGrKIJzZYRpHA</urn:Field>
                <urn:Field name="Encoding">b64u</urn:Field>
            </urn:Row>
        </urn:Table>
        <urn:Table name="Certificates"/>
    </urn:Tables>
    <urn:ExtendedContractAttributes>
        <urn:AttributeName>subject</urn:AttributeName>
        <urn:AttributeName>winlogin.auth.response</urn:AttributeName>
    </urn:ExtendedContractAttributes>
</urn:AccessTokenManagerConfiguration>