<?xml version="1.0" encoding="UTF-8"?>
<urn:PluginConfiguration isInheritExtendedContractAttributes="false" name="HTTPBinConSet" xmlns:urn="urn:sourceid.org:saml2:adapter:conf">
    <urn:Fields/>
    <urn:AdvancedFields/>
    <urn:Tables>
        <urn:Table name="Connections">
            <urn:Row defaultRow="false">
                <urn:Field name="Connection">httpbinKerb</urn:Field>
            </urn:Row>
            <urn:Row defaultRow="false">
                <urn:Field name="Connection">httpbin</urn:Field>
            </urn:Row>
        </urn:Table>
    </urn:Tables>
</urn:PluginConfiguration>