<?xml version="1.0" encoding="UTF-8"?>
<urn:TokenProcessorConfiguration isInheritAttributeSettings="false" maskOgnlValues="false" isInheritExtendedContractAttributes="false" name="SAML11Processor" xmlns:urn="urn:sourceid.org:saml2:adapter:conf">
    <urn:Fields>
        <urn:Field name="Audience">localhost:default:entityId</urn:Field>
    </urn:Fields>
    <urn:AdvancedFields/>
    <urn:Tables>
        <urn:Table name="Valid Certificate Issuer DNs">
            <urn:Row defaultRow="false">
                <urn:Field name="Issuer DN">CN=PingFed, O=gcorp.ovh, C=US</urn:Field>
            </urn:Row>
        </urn:Table>
        <urn:Table name="Valid Certificate Subject DNs">
            <urn:Row defaultRow="false">
                <urn:Field name="Subject DN">CN=PingFed, O=gcorp.ovh, C=US</urn:Field>
            </urn:Row>
        </urn:Table>
    </urn:Tables>
    <urn:ExtendedContractAttributes>
        <urn:AttributeName>memberOf</urn:AttributeName>
        <urn:AttributeName>userPrincipalName</urn:AttributeName>
    </urn:ExtendedContractAttributes>
</urn:TokenProcessorConfiguration>