<?xml version="1.0" encoding="UTF-8"?>
<urn:AdapterConfiguration authnCtxClassRef="" isInheritAttributeSettings="false" isInheritAttributeMapping="false" maskOgnlValues="false" isInheritExtendedContractAttributes="false" name="KerbAdapter" xmlns:urn="urn:sourceid.org:saml2:adapter:conf">
    <urn:Fields>
        <urn:Field name="Domain/Realm Name">KERB-C4230E700920F56A9483EC7484C5ED529EA9EF52</urn:Field>
        <urn:Field name="Error URL Redirect">https://www.google.com</urn:Field>
        <urn:Field name="Error Template">true</urn:Field>
        <urn:Field name="Authentication Context Value"/>
    </urn:Fields>
    <urn:AdvancedFields>
        <urn:Field name="Error Template">true</urn:Field>
        <urn:Field name="Authentication Context Value"/>
    </urn:AdvancedFields>
    <urn:Tables/>
    <urn:ExtendedContractAttributes>
        <urn:AttributeName>mail</urn:AttributeName>
        <urn:AttributeName>sAMAccountName</urn:AttributeName>
        <urn:AttributeName>userPrincipalName</urn:AttributeName>
    </urn:ExtendedContractAttributes>
    <urn:UniqueKeyField>Username</urn:UniqueKeyField>
    <urn:AttributeMapping>
        <urn1:AttributeMap Name="Domain/Realm Name" Type="Adapter" Value="Domain/Realm Name" xmlns:urn1="urn:sourceid.org:saml2:metadata-extension:v2"/>
        <urn1:AttributeMap Name="SIDs" Type="Adapter" Value="SIDs" xmlns:urn1="urn:sourceid.org:saml2:metadata-extension:v2"/>
        <urn1:AttributeMap Name="mail" Type="LDAP" AttributeSourceId="KerbAdapterLookUp" Value="mail" xmlns:urn1="urn:sourceid.org:saml2:metadata-extension:v2"/>
        <urn1:AttributeMap Name="Username" Type="LDAP" AttributeSourceId="KerbAdapterLookUp" Value="userPrincipalName" xmlns:urn1="urn:sourceid.org:saml2:metadata-extension:v2"/>
        <urn1:AttributeMap Name="sAMAccountName" Type="LDAP" AttributeSourceId="KerbAdapterLookUp" Value="sAMAccountName" xmlns:urn1="urn:sourceid.org:saml2:metadata-extension:v2"/>
        <urn1:AttributeMap Name="userPrincipalName" Type="LDAP" AttributeSourceId="KerbAdapterLookUp" Value="userPrincipalName" xmlns:urn1="urn:sourceid.org:saml2:metadata-extension:v2"/>
        <urn1:AttributeSource Id="KerbAdapterLookUp" Description="KerbAdapterLookUp" Type="LDAP" DataSourceId="LDAP-7E7321F1A07451A2538CBE28E3049C562A437409" xmlns:urn1="urn:sourceid.org:saml2:metadata-extension:v2">
            <urn1:Parameter Name="filter" Value="sAMAccountName=${Username}"/>
            <urn1:Parameter Name="search_base" Value="OU=Ping, DC=gcorp, DC=ovh"/>
            <urn1:Parameter Name="search_scope" Value="SUBTREE_SCOPE"/>
            <urn1:Parameter Name="memberof_nested_group" Value="false"/>
        </urn1:AttributeSource>
        <urn1:TokenAuthorizationIssuanceCriteria xmlns:urn1="urn:sourceid.org:saml2:metadata-extension:v2"/>
    </urn:AttributeMapping>
</urn:AdapterConfiguration>