<?xml version="1.0" encoding="UTF-8"?>
<urn:PluginConfiguration isInheritExtendedContractAttributes="false" name="SessionAuthentication" xmlns:urn="urn:sourceid.org:saml2:adapter:conf">
    <urn:Fields>
        <urn:Field name="Enable 'No Session' Result Value">false</urn:Field>
    </urn:Fields>
    <urn:AdvancedFields/>
    <urn:Tables>
        <urn:Table name="Authentication Sources">
            <urn:Row defaultRow="false">
                <urn:Field name="Authentication Source">idp-adapter|HTMLFormSimplePCV</urn:Field>
                <urn:Field name="Result Value">HTMLForm</urn:Field>
            </urn:Row>
        </urn:Table>
    </urn:Tables>
</urn:PluginConfiguration>