<?xml version="1.0" encoding="UTF-8"?>
<md:EntityDescriptor entityID="Partner:SP" urn:name="PartnerSP" ID="W00HMBMoo-rVExHPk_xBFkpieHm" urn:baseUrl="https://httpbin.org" urn:LogLevel="STANDARD" urn:isActive="true" xmlns:md="urn:oasis:names:tc:SAML:2.0:metadata" xmlns:urn="urn:sourceid.org:saml2:metadata-extension:v2">
    <md:Extensions>
        <urn:EntityExtension PFVersion="10.1.0.8" LicenseGroup="">
            <urn:DigitialSignatureAliases SigningKeyAlias="wiexmaqffapmmu2u4o334tafk" includeX509inXmlSig="false" includeRawKeyInXmlSig="false" SigningAlgorithm="http://www.w3.org/2001/04/xmldsig-more#rsa-sha256"/>
            <urn:Encryption>
                <urn:EncryptionPolicy EncryptionAlgorithm="http://www.w3.org/2001/04/xmlenc#aes128-cbc" KeyTransportAlgorithm="http://www.w3.org/2001/04/xmlenc#rsa-oaep-mgf1p" EncryptAssertion="false" EncryptSubjectNameID="false" SLOEncryptSubjectNameID="false"/>
                <urn:DecryptionPolicy AssertionEncrypted="false" SubjectNameIDEncrypted="false" AttributeEncrypted="false" SLOSubjectNameIDEncrypted="false"/>
            </urn:Encryption>
            <urn:ConnectionTemplateProperties/>
            <urn:MetadataUrlId xsi:nil="true" xmlns:xsi="http://www.w3.org/2001/XMLSchema-instance"/>
            <urn:enableAutoMetadataUpdate>false</urn:enableAutoMetadataUpdate>
            <urn:AdditionalAllowedEntitiesConfiguration>
                <urn:AllowAdditionalEntities>false</urn:AllowAdditionalEntities>
                <urn:AllowAllEntities>false</urn:AllowAllEntities>
                <urn:AdditionalAllowedEntities/>
            </urn:AdditionalAllowedEntitiesConfiguration>
        </urn:EntityExtension>
    </md:Extensions>
    <md:SPSSODescriptor protocolSupportEnumeration="urn:oasis:names:tc:SAML:2.0:protocol" AuthnRequestsSigned="false" WantAssertionsSigned="false" SignResponseAsRequired="true">
        <md:Extensions>
            <urn:RoleExtension ArtifactTimeoutSeconds="60" LastModified="2020-07-24T15:18:14.463Z">
                <urn:IncomingBindings Artifact="true" POST="true" Redirect="true" SOAP="true"/>
                <urn:EnabledProfiles IDPInitiatedSSO="true" IDPInitiatedSLO="false" SPInitiatedSSO="false" SPInitiatedSLO="false"/>
                <urn:SP AssertionValidityAfterMinutes="5" AssertionValidityBeforeMinutes="5" ConnectionTargetType="Standard" EnableCDCDuringSSO="false">
                    <urn:C2cContractToAssertionMapping AbortIfNotFoundInAnyDataSources="false" RestrictVirtualServerIds="false" C2cContractId="RBhbG8qNX4nFnhJb" C2cContractName="Attributes">
                        <urn:DefaultAttributeMapping>
                            <urn:AttributeMap Name="mail" Type="Authentication Policy Contract" Value="mail"/>
                            <urn:AttributeMap Name="eduPersonTargetedID" Type="No Mapping" Value="NO_MAPPING"/>
                            <urn:AttributeMap Name="sAMAccountName" Type="Authentication Policy Contract" Value="sAMAccountName"/>
                            <urn:AttributeMap Name="givenName" Type="Authentication Policy Contract" Value="givenName"/>
                            <urn:AttributeMap Name="objectGUID" Type="Authentication Policy Contract" Value="objectGUID"/>
                            <urn:AttributeMap Name="memberOf" Type="Authentication Policy Contract" Value="memberOf"/>
                            <urn:AttributeMap Name="sn" Type="Authentication Policy Contract" Value="sn"/>
                            <urn:AttributeMap Name="SAML_SUBJECT" Type="Authentication Policy Contract" Value="subject"/>
                            <urn:AttributeMap Name="userPrincipalName" Type="Authentication Policy Contract" Value="userPrincipalName"/>
                            <urn:TokenAuthorizationIssuanceCriteria/>
                        </urn:DefaultAttributeMapping>
                    </urn:C2cContractToAssertionMapping>
                    <urn:NameIdentifierMappingType IncludeAdditionalAttributes="false" IncludeAdditionalTransientAttributes="false"/>
                </urn:SP>
            </urn:RoleExtension>
        </md:Extensions>
        <md:NameIDFormat>urn:oasis:names:tc:SAML:1.1:nameid-format:unspecified</md:NameIDFormat>
        <md:AssertionConsumerService index="0" Location="/anything" Binding="urn:oasis:names:tc:SAML:2.0:bindings:HTTP-POST" isDefault="true"/>
        <md:AttributeConsumingService index="0">
            <md:ServiceName xml:lang="en">AttributeContract</md:ServiceName>
            <md:RequestedAttribute Name="mail" NameFormat="urn:oasis:names:tc:SAML:2.0:attrname-format:basic"/>
            <md:RequestedAttribute Name="eduPersonTargetedID" NameFormat="urn:oasis:names:tc:SAML:2.0:attrname-format:unspecified"/>
            <md:RequestedAttribute Name="sAMAccountName" NameFormat="urn:oasis:names:tc:SAML:2.0:attrname-format:basic"/>
            <md:RequestedAttribute Name="givenName" NameFormat="urn:oasis:names:tc:SAML:2.0:attrname-format:basic"/>
            <md:RequestedAttribute Name="objectGUID" NameFormat="urn:oasis:names:tc:SAML:2.0:attrname-format:basic"/>
            <md:RequestedAttribute Name="sn" NameFormat="urn:oasis:names:tc:SAML:2.0:attrname-format:basic"/>
            <md:RequestedAttribute Name="memberOf" NameFormat="urn:oasis:names:tc:SAML:2.0:attrname-format:basic"/>
            <md:RequestedAttribute Name="userPrincipalName" NameFormat="urn:oasis:names:tc:SAML:2.0:attrname-format:basic"/>
        </md:AttributeConsumingService>
    </md:SPSSODescriptor>
    <md:RoleDescriptor protocolSupportEnumeration="urn:oasis:names:tc:SAML:2.0:protocol" xsi:type="urn:PFAvailableCertsRoleDescriptorType" xmlns:xsi="http://www.w3.org/2001/XMLSchema-instance"/>
    <md:ContactPerson contactType="administrative"/>
</md:EntityDescriptor>