<?xml version="1.0" encoding="UTF-8"?>
<urn:PluginConfiguration isInheritExtendedContractAttributes="false" name="lab02comPCV" xmlns:urn="urn:sourceid.org:saml2:adapter:conf">
    <urn:Fields>
        <urn:Field name="LDAP Datastore">LDAP-F38E34957E07B8CB20E466679507590C534CFC4B</urn:Field>
        <urn:Field name="Search Base">OU=Ping,DC=lab02,DC=com</urn:Field>
        <urn:Field name="Search Filter">(|(sAMAccountName=${username})(mail=${username})(userPrincipalName=${username}))</urn:Field>
        <urn:Field name="Scope of Search">Subtree</urn:Field>
        <urn:Field name="Case-Sensitive Matching">false</urn:Field>
        <urn:Field name="Display Name Attribute">displayName</urn:Field>
        <urn:Field name="Mail Attribute">mail</urn:Field>
        <urn:Field name="SMS Attribute">telephoneNumber</urn:Field>
        <urn:Field name="PingID Username Attribute">sAMAccountName</urn:Field>
        <urn:Field name="Mail Search Filter">mail=${mail}</urn:Field>
        <urn:Field name="Username Attribute">sAMAccountName</urn:Field>
        <urn:Field name="Mail Verified Attribute"/>
        <urn:Field name="Enable PingDirectory Detailed Password Policy Requirement Messaging">false</urn:Field>
    </urn:Fields>
    <urn:AdvancedFields>
        <urn:Field name="Display Name Attribute">displayName</urn:Field>
        <urn:Field name="Mail Attribute">mail</urn:Field>
        <urn:Field name="SMS Attribute">telephoneNumber</urn:Field>
        <urn:Field name="PingID Username Attribute">sAMAccountName</urn:Field>
        <urn:Field name="Mail Search Filter">mail=${mail}</urn:Field>
        <urn:Field name="Username Attribute">sAMAccountName</urn:Field>
        <urn:Field name="Mail Verified Attribute"/>
        <urn:Field name="Enable PingDirectory Detailed Password Policy Requirement Messaging">false</urn:Field>
    </urn:AdvancedFields>
    <urn:Tables>
        <urn:Table name="Authentication Error Overrides"/>
    </urn:Tables>
    <urn:ExtendedContractAttributes>
        <urn:AttributeName>sAMAccountName</urn:AttributeName>
        <urn:AttributeName>objectGUID</urn:AttributeName>
        <urn:AttributeName>sn</urn:AttributeName>
        <urn:AttributeName>userPrincipalName</urn:AttributeName>
    </urn:ExtendedContractAttributes>
</urn:PluginConfiguration>