<?xml version="1.0" encoding="UTF-8"?>
<urn:PluginConfiguration isInheritExtendedContractAttributes="false" name="P14CPCV" xmlns:urn="urn:sourceid.org:saml2:adapter:conf">
    <urn:Fields>
        <urn:Field name="PingOne For Customers Datastore">Other-0E7900DFE4926BFB24FBB2D51AEE6C72470917E6</urn:Field>
        <urn:Field name="Case-Sensitive Matching">true</urn:Field>
        <urn:Field name="Display Name Attribute"/>
        <urn:Field name="PingID Username Attribute"/>
        <urn:Field name="Username Attribute"/>
        <urn:Field name="Mail Verified Attribute"/>
        <urn:Field name="Mail Attribute"/>
        <urn:Field name="SMS Attribute"/>
    </urn:Fields>
    <urn:AdvancedFields>
        <urn:Field name="Display Name Attribute"/>
        <urn:Field name="PingID Username Attribute"/>
        <urn:Field name="Username Attribute"/>
        <urn:Field name="Mail Verified Attribute"/>
        <urn:Field name="Mail Attribute"/>
        <urn:Field name="SMS Attribute"/>
    </urn:AdvancedFields>
    <urn:Tables>
        <urn:Table name="Authentication Error Overrides"/>
    </urn:Tables>
    <urn:ExtendedContractAttributes/>
</urn:PluginConfiguration>