<?xml version="1.0" encoding="UTF-8"?>
<urn:OpenIdConnectProviderPolicy enabled="true" defaultPolicyGroupId="OAuthPlayground" trackUserSessionsForLogout="false" xmlns:urn="urn:pingidentity.com:pf:openid:connect:idp:policy">
    <urn:ProviderPolicyGroup policyId="OAuthPlayground" idTokenLife="5" includeSriInIdToken="true" includeUserInfoInIdToken="true" includeSHashInIdToken="false" returnIdTokenOnRefreshGrant="false" policyName="OAuthPlayground" accessTokenManagerId="jwt">
        <urn:UserInfoMapping>
            <urn1:AttributeMap Name="sub" Type="Token" Value="Username" xmlns:urn1="urn:sourceid.org:saml2:metadata-extension:v2"/>
            <urn1:AttributeMap Name="zoneinfo" Type="Text" Value="America/New_York" xmlns:urn1="urn:sourceid.org:saml2:metadata-extension:v2"/>
            <urn1:AttributeMap Name="address.locality" Type="Text" Value="Smallville" xmlns:urn1="urn:sourceid.org:saml2:metadata-extension:v2"/>
            <urn1:AttributeMap Name="birthdate" Type="Text" Value="1977-12-31" xmlns:urn1="urn:sourceid.org:saml2:metadata-extension:v2"/>
            <urn1:AttributeMap Name="gender" Type="Text" Value="female" xmlns:urn1="urn:sourceid.org:saml2:metadata-extension:v2"/>
            <urn1:AttributeMap Name="preferred_username" Type="Text" Value="mgsample" xmlns:urn1="urn:sourceid.org:saml2:metadata-extension:v2"/>
            <urn1:AttributeMap Name="locale" Type="Text" Value="en_US" xmlns:urn1="urn:sourceid.org:saml2:metadata-extension:v2"/>
            <urn1:AttributeMap Name="address.country" Type="Text" Value="USA" xmlns:urn1="urn:sourceid.org:saml2:metadata-extension:v2"/>
            <urn1:AttributeMap Name="updated_at" Type="Text" Value="2011-01-03T23:58:42+0000" xmlns:urn1="urn:sourceid.org:saml2:metadata-extension:v2"/>
            <urn1:AttributeMap Name="address.postal_code" Type="Text" Value="11223" xmlns:urn1="urn:sourceid.org:saml2:metadata-extension:v2"/>
            <urn1:AttributeMap Name="address.region" Type="Text" Value="ME" xmlns:urn1="urn:sourceid.org:saml2:metadata-extension:v2"/>
            <urn1:AttributeMap Name="nickname" Type="Text" Value="Name" xmlns:urn1="urn:sourceid.org:saml2:metadata-extension:v2"/>
            <urn1:AttributeMap Name="memberOf" Type="Token" Value="memberOf" xmlns:urn1="urn:sourceid.org:saml2:metadata-extension:v2"/>
            <urn1:AttributeMap Name="email" Type="Token" Value="mail" xmlns:urn1="urn:sourceid.org:saml2:metadata-extension:v2"/>
            <urn1:AttributeMap Name="website" Type="Text" Value="https://www.pingidentity.com/" xmlns:urn1="urn:sourceid.org:saml2:metadata-extension:v2"/>
            <urn1:AttributeMap Name="email_verified" Type="Text" Value="true" xmlns:urn1="urn:sourceid.org:saml2:metadata-extension:v2"/>
            <urn1:AttributeMap Name="profile" Type="Text" Value="https://www.pingidentity.com/products/pingfederate/" xmlns:urn1="urn:sourceid.org:saml2:metadata-extension:v2"/>
            <urn1:AttributeMap Name="phone_number_verified" Type="Text" Value="true" xmlns:urn1="urn:sourceid.org:saml2:metadata-extension:v2"/>
            <urn1:AttributeMap Name="given_name" Type="Token" Value="givenName" xmlns:urn1="urn:sourceid.org:saml2:metadata-extension:v2"/>
            <urn1:AttributeMap Name="middle_name" Type="Text" Value="Good" xmlns:urn1="urn:sourceid.org:saml2:metadata-extension:v2"/>
            <urn1:AttributeMap Name="picture" Type="Text" Value="https://www.pingidentity.com/images/ping-logo.png" xmlns:urn1="urn:sourceid.org:saml2:metadata-extension:v2"/>
            <urn1:AttributeMap Name="name" Type="Expression" Value="$given_name + + $family_name" xmlns:urn1="urn:sourceid.org:saml2:metadata-extension:v2"/>
            <urn1:AttributeMap Name="phone_number" Type="Text" Value="(555) 555-5555" xmlns:urn1="urn:sourceid.org:saml2:metadata-extension:v2"/>
            <urn1:AttributeMap Name="address.formatted" Type="Text" Value="123 Main Street, Smallville, ME USA 11223" xmlns:urn1="urn:sourceid.org:saml2:metadata-extension:v2"/>
            <urn1:AttributeMap Name="family_name" Type="Token" Value="sn" xmlns:urn1="urn:sourceid.org:saml2:metadata-extension:v2"/>
            <urn1:AttributeMap Name="address.street_address" Type="Text" Value="123 Main Street" xmlns:urn1="urn:sourceid.org:saml2:metadata-extension:v2"/>
            <urn1:TokenAuthorizationIssuanceCriteria xmlns:urn1="urn:sourceid.org:saml2:metadata-extension:v2"/>
        </urn:UserInfoMapping>
        <urn:scopeAttributesMap>
            <urn:item>
                <urn:key>ad</urn:key>
                <urn:value>memberOf</urn:value>
            </urn:item>
            <urn:item>
                <urn:key>openid</urn:key>
                <urn:value>address.country address.formatted address.locality address.postal_code address.region address.street_address birthdate email email_verified family_name gender given_name locale middle_name name nickname phone_number phone_number_verified picture preferred_username profile updated_at website zoneinfo</urn:value>
            </urn:item>
        </urn:scopeAttributesMap>
        <urn:attributeContractInclusionMap/>
    </urn:ProviderPolicyGroup>
    <urn:ProviderPolicyGroup policyId="PingAccess" idTokenLife="5" includeSriInIdToken="false" includeUserInfoInIdToken="false" includeSHashInIdToken="false" returnIdTokenOnRefreshGrant="false" policyName="PingAccess" accessTokenManagerId="PAAccessToken">
        <urn:UserInfoMapping>
            <urn1:AttributeMap Name="sub" Type="Token" Value="username" xmlns:urn1="urn:sourceid.org:saml2:metadata-extension:v2"/>
            <urn1:TokenAuthorizationIssuanceCriteria xmlns:urn1="urn:sourceid.org:saml2:metadata-extension:v2"/>
        </urn:UserInfoMapping>
        <urn:scopeAttributesMap/>
        <urn:attributeContractInclusionMap/>
    </urn:ProviderPolicyGroup>
    <urn:ProviderPolicyGroup policyId="PingID for WinLogin" idTokenLife="5" includeSriInIdToken="false" includeUserInfoInIdToken="true" includeSHashInIdToken="false" returnIdTokenOnRefreshGrant="false" policyName="PingID for WinLogin" accessTokenManagerId="PingIDforWinLoginAT">
        <urn:UserInfoMapping>
            <urn1:AttributeMap Name="sub" Type="Token" Value="subject" xmlns:urn1="urn:sourceid.org:saml2:metadata-extension:v2"/>
            <urn1:AttributeMap Name="winlogin.auth.response" Type="Token" Value="winlogin.auth.response" xmlns:urn1="urn:sourceid.org:saml2:metadata-extension:v2"/>
            <urn1:AttributeMap Name="memberOf" Type="Token" Value="memberOf" xmlns:urn1="urn:sourceid.org:saml2:metadata-extension:v2"/>
            <urn1:TokenAuthorizationIssuanceCriteria xmlns:urn1="urn:sourceid.org:saml2:metadata-extension:v2"/>
        </urn:UserInfoMapping>
        <urn:scopeAttributesMap>
            <urn:item>
                <urn:key>openid</urn:key>
                <urn:value>memberOf winlogin.auth.response</urn:value>
            </urn:item>
        </urn:scopeAttributesMap>
        <urn:attributeContractInclusionMap/>
    </urn:ProviderPolicyGroup>
    <urn:ProviderPolicyGroup policyId="pingdelegator" idTokenLife="5" includeSriInIdToken="false" includeUserInfoInIdToken="false" includeSHashInIdToken="false" returnIdTokenOnRefreshGrant="false" policyName="pingdelegator" accessTokenManagerId="jwt">
        <urn:UserInfoMapping>
            <urn1:AttributeMap Name="sub" Type="Token" Value="Username" xmlns:urn1="urn:sourceid.org:saml2:metadata-extension:v2"/>
            <urn1:TokenAuthorizationIssuanceCriteria xmlns:urn1="urn:sourceid.org:saml2:metadata-extension:v2"/>
        </urn:UserInfoMapping>
        <urn:scopeAttributesMap/>
        <urn:attributeContractInclusionMap/>
    </urn:ProviderPolicyGroup>
    <urn:ProviderPolicyGroup policyId="WinLogin - ACI" idTokenLife="5" includeSriInIdToken="false" includeUserInfoInIdToken="true" includeSHashInIdToken="false" returnIdTokenOnRefreshGrant="false" policyName="WinLogin - ACI" accessTokenManagerId="WinLoginACI">
        <urn:UserInfoMapping>
            <urn1:AttributeMap Name="sub" Type="Token" Value="subject" xmlns:urn1="urn:sourceid.org:saml2:metadata-extension:v2"/>
            <urn1:AttributeMap Name="winlogin.auth.response" Type="Token" Value="winlogin.auth.response" xmlns:urn1="urn:sourceid.org:saml2:metadata-extension:v2"/>
            <urn1:TokenAuthorizationIssuanceCriteria xmlns:urn1="urn:sourceid.org:saml2:metadata-extension:v2"/>
        </urn:UserInfoMapping>
        <urn:scopeAttributesMap>
            <urn:item>
                <urn:key>openid</urn:key>
                <urn:value>winlogin.auth.response</urn:value>
            </urn:item>
        </urn:scopeAttributesMap>
        <urn:attributeContractInclusionMap/>
    </urn:ProviderPolicyGroup>
    <urn:ProviderPolicyGroup policyId="P14CPolicy" idTokenLife="5" includeSriInIdToken="true" includeUserInfoInIdToken="true" includeSHashInIdToken="false" returnIdTokenOnRefreshGrant="true" policyName="P14CPolicy" accessTokenManagerId="jwt">
        <urn:UserInfoMapping>
            <urn1:AttributeMap Name="sub" Type="Token" Value="Username" xmlns:urn1="urn:sourceid.org:saml2:metadata-extension:v2"/>
            <urn1:AttributeMap Name="name" Type="Token" Value="Username" xmlns:urn1="urn:sourceid.org:saml2:metadata-extension:v2"/>
            <urn1:AttributeMap Name="given_name" Type="Token" Value="givenName" xmlns:urn1="urn:sourceid.org:saml2:metadata-extension:v2"/>
            <urn1:AttributeMap Name="family_name" Type="Token" Value="sn" xmlns:urn1="urn:sourceid.org:saml2:metadata-extension:v2"/>
            <urn1:AttributeMap Name="email" Type="Token" Value="mail" xmlns:urn1="urn:sourceid.org:saml2:metadata-extension:v2"/>
            <urn1:TokenAuthorizationIssuanceCriteria xmlns:urn1="urn:sourceid.org:saml2:metadata-extension:v2"/>
        </urn:UserInfoMapping>
        <urn:scopeAttributesMap>
            <urn:item>
                <urn:key>openid</urn:key>
                <urn:value>email</urn:value>
            </urn:item>
            <urn:item>
                <urn:key>profile</urn:key>
                <urn:value>family_name given_name name</urn:value>
            </urn:item>
            <urn:item>
                <urn:key>email</urn:key>
                <urn:value>email</urn:value>
            </urn:item>
        </urn:scopeAttributesMap>
        <urn:attributeContractInclusionMap/>
    </urn:ProviderPolicyGroup>
    <urn:ProviderPolicyGroup policyId="httpbin-oidc" idTokenLife="5" includeSriInIdToken="true" includeUserInfoInIdToken="true" includeSHashInIdToken="true" returnIdTokenOnRefreshGrant="true" policyName="httpbin-oidc" accessTokenManagerId="httpbinoidc">
        <urn:UserInfoMapping>
            <urn1:AttributeMap Name="sub" Type="Token" Value="subject" xmlns:urn1="urn:sourceid.org:saml2:metadata-extension:v2"/>
            <urn1:AttributeMap Name="mail" Type="Token" Value="mail" xmlns:urn1="urn:sourceid.org:saml2:metadata-extension:v2"/>
            <urn1:AttributeMap Name="sAMAccountName" Type="Token" Value="sAMAccountName" xmlns:urn1="urn:sourceid.org:saml2:metadata-extension:v2"/>
            <urn1:AttributeMap Name="givenName" Type="Token" Value="givenName" xmlns:urn1="urn:sourceid.org:saml2:metadata-extension:v2"/>
            <urn1:AttributeMap Name="objectGUID" Type="No Mapping" Value="NO_MAPPING" xmlns:urn1="urn:sourceid.org:saml2:metadata-extension:v2"/>
            <urn1:AttributeMap Name="memberOf" Type="Token" Value="memberOf" xmlns:urn1="urn:sourceid.org:saml2:metadata-extension:v2"/>
            <urn1:AttributeMap Name="sn" Type="Token" Value="sn" xmlns:urn1="urn:sourceid.org:saml2:metadata-extension:v2"/>
            <urn1:AttributeMap Name="userPrincipalName" Type="Token" Value="userPrincipalName" xmlns:urn1="urn:sourceid.org:saml2:metadata-extension:v2"/>
            <urn1:TokenAuthorizationIssuanceCriteria xmlns:urn1="urn:sourceid.org:saml2:metadata-extension:v2"/>
        </urn:UserInfoMapping>
        <urn:scopeAttributesMap>
            <urn:item>
                <urn:key>openid</urn:key>
                <urn:value>givenName mail memberOf objectGUID sAMAccountName sn userPrincipalName</urn:value>
            </urn:item>
        </urn:scopeAttributesMap>
        <urn:attributeContractInclusionMap/>
    </urn:ProviderPolicyGroup>
</urn:OpenIdConnectProviderPolicy>