<?xml version="1.0" encoding="UTF-8"?>
<ldap:ldap-sources xmlns:ldap="http://pingidentity.com/2004/09/ldap-ds">
    <ldap:ldap-source id="LDAP-7E7321F1A07451A2538CBE28E3049C562A437409" maskAttributeValues="false" ldapType="ActiveDirectory" ldapTypeDesc="Active Directory" testOnBorrow="false" testOnReturn="false" createIfNecessary="true" minIdle="10" maxActive="100" maxWait="-1" timeBetweenEvictionRunsMillis="60000" readTimeoutMillis="3000" connTimeoutMillis="3000" verifyHost="true" dnsTtlMillis="60000" ldapDnsSrvPrefix="_ldap._tcp" ldapsDnsSrvPrefix="_ldaps._tcp">
        <ldap:host>lab-dc.gcorp.ovh</ldap:host>
        <ldap:principal>ping-sa</ldap:principal>
        <ldap:use-ssl>true</ldap:use-ssl>
        <ldap:use-dns-srv-records>false</ldap:use-dns-srv-records>
        <ldap:ad-referral>false</ldap:ad-referral>
        <ldap:credentials>eyJhbGciOiJkaXIiLCJlbmMiOiJBMTI4Q0JDLUhTMjU2Iiwia2lkIjoiTmswWnphcWk3NiIsInZlcnNpb24iOiIxMC4xLjAuOCJ9..YarTnklxOVcAauROUOvOsQ.YNhA4_5BO5WnqLV1td82Cw.47QhYxc-bNc6xysImvS58Q</ldap:credentials>
        <ldap:authenticationMeth>simple</ldap:authenticationMeth>
        <ldap:description>gcorp.ovh</ldap:description>
        <ldap:name>gcorp.ovh</ldap:name>
        <ldap:binaryAttributes>
            <ldap:binaryAttribute>objectGUID</ldap:binaryAttribute>
        </ldap:binaryAttributes>
        <ldap:ldapHostTagList>
            <ldap:tagEntry host="lab-dc.gcorp.ovh" tags=""/>
        </ldap:ldapHostTagList>
    </ldap:ldap-source>
    <ldap:ldap-source id="LDAP-A0B0BF91612F70AFA39666EBF25F208E08D69F94" maskAttributeValues="false" ldapType="PingDirectory" ldapTypeDesc="PingDirectory" testOnBorrow="false" testOnReturn="false" createIfNecessary="true" minIdle="10" maxActive="100" maxWait="-1" timeBetweenEvictionRunsMillis="60000" readTimeoutMillis="3000" connTimeoutMillis="3000" verifyHost="false" dnsTtlMillis="60000" ldapDnsSrvPrefix="_ldap._tcp" ldapsDnsSrvPrefix="_ldaps._tcp">
        <ldap:host>pingdirectory</ldap:host>
        <ldap:principal>cn=pingfederate</ldap:principal>
        <ldap:use-ssl>false</ldap:use-ssl>
        <ldap:use-dns-srv-records>false</ldap:use-dns-srv-records>
        <ldap:ad-referral>false</ldap:ad-referral>
        <ldap:credentials>eyJhbGciOiJkaXIiLCJlbmMiOiJBMTI4Q0JDLUhTMjU2Iiwia2lkIjoiTmswWnphcWk3NiIsInZlcnNpb24iOiIxMC4xLjAuOCJ9..CT8Ay_gp1MLhisDvXftGpQ.mB405n2z1Q7AQGASUVJ7GQ.ROAHDrhbG4DHyz2GxvJT0g</ldap:credentials>
        <ldap:authenticationMeth>simple</ldap:authenticationMeth>
        <ldap:description>pingdirectory</ldap:description>
        <ldap:name>pingdirectory</ldap:name>
        <ldap:binaryAttributes/>
        <ldap:ldapHostTagList>
            <ldap:tagEntry host="pingdirectory" tags=""/>
        </ldap:ldapHostTagList>
    </ldap:ldap-source>
    <ldap:ldap-source id="LDAP-F38E34957E07B8CB20E466679507590C534CFC4B" maskAttributeValues="false" ldapType="ActiveDirectory" ldapTypeDesc="Active Directory" testOnBorrow="false" testOnReturn="false" createIfNecessary="true" minIdle="10" maxActive="100" maxWait="-1" timeBetweenEvictionRunsMillis="60000" readTimeoutMillis="3000" connTimeoutMillis="3000" verifyHost="true" dnsTtlMillis="60000" ldapDnsSrvPrefix="_ldap._tcp" ldapsDnsSrvPrefix="_ldaps._tcp">
        <ldap:host>lab02-dc.lab02.com</ldap:host>
        <ldap:principal>CN=ping-sa,OU=Ping,DC=lab02,DC=com</ldap:principal>
        <ldap:use-ssl>true</ldap:use-ssl>
        <ldap:use-dns-srv-records>false</ldap:use-dns-srv-records>
        <ldap:ad-referral>false</ldap:ad-referral>
        <ldap:credentials>eyJhbGciOiJkaXIiLCJlbmMiOiJBMTI4Q0JDLUhTMjU2Iiwia2lkIjoiTmswWnphcWk3NiIsInZlcnNpb24iOiIxMC4xLjAuOCJ9..SCckg9Ayv6Gdj5yf5i1H5w.5QUZEh0Eq7dK4zkL9sKpHw.dC4iwwNVchTmR8KSgwGAFQ</ldap:credentials>
        <ldap:authenticationMeth>simple</ldap:authenticationMeth>
        <ldap:description>lab02</ldap:description>
        <ldap:name>lab02</ldap:name>
        <ldap:binaryAttributes/>
        <ldap:ldapHostTagList>
            <ldap:tagEntry host="lab02-dc.lab02.com" tags=""/>
        </ldap:ldapHostTagList>
    </ldap:ldap-source>
</ldap:ldap-sources>