<?xml version="1.0" encoding="UTF-8"?>
<config xmlns="http://www.sourceid.org/2004/05/config">
    <!--Dsig keystore information: name and password-->
    <item name="DsigKeystoreName">ping-dsig.jks</item>
    <item name="DsigKeystorePassword">eyJhbGciOiJkaXIiLCJlbmMiOiJBMTI4Q0JDLUhTMjU2Iiwia2lkIjoiTmswWnphcWk3NiIsInZlcnNpb24iOiIxMC4xLjAuMiJ9..2Dz5z6u1vqVdyGzZTmn1sg.oIg3CC-D5WhYZhJx4Ok1XV4oOwQPLiu2lXRK7l_fox4.Ur7pMs9TluEjmpmUP5y8bg</item>
    <!--Do not modify-->
    <item name="DsigKeystoreType2">default</item>
    <!--Map of Dsig keystore aliases to passwords; the system uses this map
     to open private keys for generating signatures, X509
     authentication, etc. For each item, the name of the item maps
     to the alias of a private key, and the value of the item is the
     password to that particular key.-->
    <map name="DsigPrivateKeyPasswords">
        <item name="y8afxig4wva820tdq3uzgej3a">eyJhbGciOiJkaXIiLCJlbmMiOiJBMTI4Q0JDLUhTMjU2Iiwia2lkIjoiTmswWnphcWk3NiIsInZlcnNpb24iOiIxMC4xLjAuMiJ9..MVDRBwhphBCdlRWw6hmqRQ.XCwru98sVVkhrpGE9_vmDDfL8tAMvbqS3lGu-wkpAyo.XYLUFI6wcxMP-I2yazc2rQ</item>
        <item name="wiexmaqffapmmu2u4o334tafk">eyJhbGciOiJkaXIiLCJlbmMiOiJBMTI4Q0JDLUhTMjU2Iiwia2lkIjoiTmswWnphcWk3NiIsInZlcnNpb24iOiIxMC4xLjAuOCJ9..Olgl7VT4wRaF_DPxeZz30A.UNqAgQ8E-28bT_NM0SqfRJDz0C_lBn_qbOfY8CYT43o.tO7gE4bRnZqWDnsBqHo1rA</item>
        <item name="edmmse5v4c9ij6pe2dibfa6ip">eyJhbGciOiJkaXIiLCJlbmMiOiJBMTI4Q0JDLUhTMjU2Iiwia2lkIjoiTmswWnphcWk3NiIsInZlcnNpb24iOiIxMC4xLjAuOCJ9..E9zcPtFOyAbFLoc6WLM7nw.8WFfT7NWOEFm_RCasdq4ddRizxYetuVR1Skv-KAVrzE.YdOcwwwzswxHFy29-rVUwg</item>
    </map>
    <!--DSIG HSM Keystore information: name and password-->
    <item name="DsigHSMKeystoreName">ping-dsig.hsmks</item>
    <item name="DsigHSMKeystorePassword"/>
    <item name="DsigHSMKeystoreType2">default</item>
    <!--Map of Dsig keystore aliases to passwords; the system uses this map
     to open private keys for generating signatures, X509
     authentication, etc. For each item, the name of the item maps
     to the alias of a private key and the value of the item is the
     password to that particular key-->
    <map name="DsigHSMPrivateKeyPasswords"/>
    <!--SSL Keystore information: name and password-->
    <item name="SslKeystoreName">ping-ssl.jks</item>
    <item name="SslKeystorePassword">eyJhbGciOiJkaXIiLCJlbmMiOiJBMTI4Q0JDLUhTMjU2Iiwia2lkIjoiTmswWnphcWk3NiIsInZlcnNpb24iOiIxMC4xLjAuMiJ9..r_uCTWMcJaaCL5afMfsyVQ.hQTYgSPvOys8ecrVrkx8NaNjfgq8Vscx7YRehV5K4k8.5eQlZouH5SgQiAUye13Srw</item>
    <!--Do not modify-->
    <item name="SslKeystoreType2">default</item>
    <!--Map of SSL client auth keystore aliases to passwords; the system uses this map
     to open private keys for generating signatures, X509
     authentication, etc. For each item, the name of the item maps
     to the alias of a private key and the value of the item is the
     password to that particular key-->
    <map name="SslPrivateKeyPasswords">
        <item name="bz8tuskv4b5rudcrpa19znj7o">eyJhbGciOiJkaXIiLCJlbmMiOiJBMTI4Q0JDLUhTMjU2Iiwia2lkIjoiTmswWnphcWk3NiIsInZlcnNpb24iOiIxMC4wLjIuMiJ9..7Bv6x8EWaJJHyW3s0O3EYA.aWB1BfiUDtUzmSGyBZXtH0PM9KsEdN7wJViv2AEhHW0.8vQuxD8ICRbeAOWleo4Q9Q</item>
    </map>
    <!--SSL HSM Keystore information: name and password-->
    <item name="SslHSMKeystoreName">ping-ssl.hsmks</item>
    <item name="SslHSMKeystorePassword"/>
    <!--Do not modify-->
    <item name="SslHSMKeystoreType2">default</item>
    <!--Map of SSL client auth keystore aliases to passwords; the system uses this map
     to open private keys for generating signatures, X509
     authentication, etc. For each item, the name of the item maps
     to the alias of a private key and the value of the item is the
     password to that particular key-->
    <map name="SslHSMPrivateKeyPasswords"/>
    <!--SSL Server Keystore information: name and password-->
    <item name="SslServerKeystoreName">ping-ssl-server.jks</item>
    <item name="SslServerKeystorePassword">eyJhbGciOiJkaXIiLCJlbmMiOiJBMTI4Q0JDLUhTMjU2Iiwia2lkIjoiTmswWnphcWk3NiIsInZlcnNpb24iOiIxMC4xLjAuMiJ9..M7d7iARneNB4HEY9OAGOQg.DlyFoYQB0u4eEja9umylXiHaR6dO1K-aEjThqT0Wyb4.FQ0cZqImFgewYk4p26vBrg</item>
    <!--Do not modify-->
    <item name="SslServerKeystoreType2">default</item>
    <!--Map of SSL Server keystore aliases to passwords; the system uses this map
         to open private keys for generating signatures, X509
         authentication, etc. For each item, the name of the item maps
         to the alias of a private key and the value of the item is the
         password to that particular key-->
    <map name="SslServerPrivateKeyPasswords">
        <item name="bhh75psrhjwcy2yenn4h5pr2c">eyJhbGciOiJkaXIiLCJlbmMiOiJBMTI4Q0JDLUhTMjU2Iiwia2lkIjoiTmswWnphcWk3NiIsInZlcnNpb24iOiIxMC4xLjAuOCJ9..denIJmH6PUBR1ZNoKvvRPw.clfeoNc1XPJ4T1nyBKTzdAkVfev9omGC0IkpC3RZTu0.K2X9no-pTIdpcyBYlxvfBw</item>
        <item name="9a9l11lm1x1n8i58tn3pwmqtt">eyJhbGciOiJkaXIiLCJlbmMiOiJBMTI4Q0JDLUhTMjU2Iiwia2lkIjoiTmswWnphcWk3NiIsInZlcnNpb24iOiIxMC4xLjAuOCJ9..Kxpi-zmf1Pbb1sZxLyvpjA.9qOEMdpqe4wW3t3ammBxHZDIViFsgIXjNAQsRKjtxnI.kC_4RfWGt_rP8YIwHufngQ</item>
    </map>
    <!--SSL HSM Server Keystore information: name and password-->
    <item name="SslServerHSMKeystoreName">ping-ssl-server.hsmks</item>
    <item name="SslServerHSMKeystorePassword"/>
    <!--Do not modify-->
    <item name="SslServerHSMKeystoreType2">default</item>
    <!--Map of SSL Server keystore aliases to passwords; the system uses this map
         to open private keys for generating signatures, X509
         authentication, etc. For each item, the name of the item maps
         to the alias of a private key and the value of the item is the
         password to that particular key-->
    <map name="SslServerHSMPrivateKeyPasswords"/>
    <!--Truststore Keystore information: name and password-->
    <item name="TrustKeystoreName">ping-trust.jks</item>
    <item name="TrustKeystorePassword">eyJhbGciOiJkaXIiLCJlbmMiOiJBMTI4Q0JDLUhTMjU2Iiwia2lkIjoiTmswWnphcWk3NiIsInZlcnNpb24iOiIxMC4xLjAuMiJ9..dR6RmLHTA9foSU4ZcP9wPg.HnVtvw6OYODcqn-ENUmftAk9VT8Ll0yWZdpEYTVbedE.YKAJSalBk3HFLnMk3mfWCQ</item>
    <!--You can specify a key store type here. Available keystore types are
          JKS     - Java Keystore
          nCipher.sworld - nCipher keystore
          default - let the system select a keystore type for you. For Luna HSM 6, JKS is used.
                    For nCipher, nCipher.sworld is used. Otherwise, JKS is used-->
    <item name="TrustKeystoreType2">default</item>
    <!--Truststore HSM Keystore information: name and password-->
    <item name="TrustHSMKeystoreName">ping-trust.hsmks</item>
    <item name="TrustHSMKeystorePassword"/>
    <!--You can specify a key store type here. Available keystore types are
          JKS     - Java Keystore
          nCipher.sworld - nCipher keystore
          default - let the system select a keystore type for you. For Luna HSM 6, JKS is used.
                    For nCipher, nCipher.sworld is used. Otherwise, JKS is used-->
    <item name="TrustHSMKeystoreType2">default</item>
    <!--General keystore information: name and password-->
    <item name="GeneralKeystoreName">ping-general.jks</item>
    <item name="GeneralKeystorePassword">eyJhbGciOiJkaXIiLCJlbmMiOiJBMTI4Q0JDLUhTMjU2Iiwia2lkIjoiTmswWnphcWk3NiIsInZlcnNpb24iOiIxMC4xLjAuMiJ9..1qYFg3mqwDr3mDt5Enr6tw.YuimYYlrToPUKguzIcaoiw1jj12O3qZnY7lo1e9RvyY.8rB5SKPG5GjVrZ-DUmgbUw</item>
    <!--Do not modify-->
    <item name="GeneralKeystoreType2">default</item>
    <!--Map of General keystore aliases to passwords; the system uses this map
     to open private keys for generating signatures, X509
     authentication, etc. For each item, the name of the item maps
     to the alias of a private key, and the value of the item is the
     password to that particular key.-->
    <map name="GeneralPrivateKeyPasswords">
        <item name="kcsfd5j5a5wuwuyriu6b3o3k8">eyJhbGciOiJkaXIiLCJlbmMiOiJBMTI4Q0JDLUhTMjU2Iiwia2lkIjoiTmswWnphcWk3NiIsInZlcnNpb24iOiIxMC4xLjAuMiJ9..ynBJPRRIiW-xIWvLdPAtqw.OoBuBLhbz_RArvxtnO0dk78hqFJouD5OoXTZHuVdHgY.DDTcT26cw222BaUr0V_-_g</item>
    </map>
    <!--General HSM keystore information: name and password-->
    <item name="GeneralHSMKeystoreName">ping-general.hsmks</item>
    <item name="GeneralHSMKeystorePassword"/>
    <!--Do not modify-->
    <item name="GeneralHSMKeystoreType2">default</item>
    <!--Map of General keystore aliases to passwords; the system uses this map
     to open private keys for generating signatures, X509
     authentication, etc. For each item, the name of the item maps
     to the alias of a private key, and the value of the item is the
     password to that particular key.-->
    <map name="GeneralHSMPrivateKeyPasswords"/>
</config>