<?xml version="1.0" encoding="UTF-8"?>
<con:config xmlns:con="http://www.sourceid.org/2004/05/config">
    <con:map name="token-processors">
        <con:item name="UsernameTokenProcessor">com.pingidentity.pf.tokenprocessors.username.UsernameTokenProcessor</con:item>
        <con:item name="JwtAccessTokenProcessor">org.sourceid.wstrust.processor.oauth.BearerAccessTokenTokenProcessor</con:item>
        <con:item name="KerbTokenProcessor">org.sourceid.wstrust.processor.kerberos.KerberosTokenProcessor</con:item>
        <con:item name="SAML11Processor">org.sourceid.wstrust.processor.saml.Saml11TokenProcessor</con:item>
    </con:map>
</con:config>