<?xml version="1.0" encoding="UTF-8"?>
<con:config xmlns:con="http://www.sourceid.org/2004/05/config">
    <con:item name="AutoCreateCertOnEngineNode">true</con:item>
    <con:list name="ActiveServerAliases">
        <con:ListItem>9a9l11lm1x1n8i58tn3pwmqtt</con:ListItem>
    </con:list>
    <con:list name="ActiveAdminServerAliases">
        <con:ListItem>bhh75psrhjwcy2yenn4h5pr2c</con:ListItem>
    </con:list>
    <con:item name="DefaultActiveServerAlias">9a9l11lm1x1n8i58tn3pwmqtt</con:item>
    <con:item name="DefaultActiveAdminServerAlias">bhh75psrhjwcy2yenn4h5pr2c</con:item>
</con:config>